{
    "image_00326": {
        "MPJPE_mm": 428.7906885147095,
        "PA_MPJPE_mm": 112.23579198122025
    },
    "image_00618": {
        "MPJPE_mm": 259.84957814216614,
        "PA_MPJPE_mm": 89.35756236314774
    },
    "image_00327": {
        "MPJPE_mm": 149.15966987609863,
        "PA_MPJPE_mm": 104.67822849750519
    },
    "image_00575": {
        "MPJPE_mm": 339.6593928337097,
        "PA_MPJPE_mm": 186.31906807422638
    },
    "image_00262": {
        "MPJPE_mm": 198.21171462535858,
        "PA_MPJPE_mm": 120.64714729785919
    },
    "image_00069": {
        "MPJPE_mm": 114.35267329216003,
        "PA_MPJPE_mm": 88.82183581590652
    },
    "image_00320": {
        "MPJPE_mm": 147.90472388267517,
        "PA_MPJPE_mm": 87.27887272834778
    },
    "image_00577": {
        "MPJPE_mm": 307.9441785812378,
        "PA_MPJPE_mm": 111.54685169458389
    },
    "image_00596": {
        "MPJPE_mm": 352.691650390625,
        "PA_MPJPE_mm": 134.97959077358246
    },
    "image_00637": {
        "MPJPE_mm": 203.2637745141983,
        "PA_MPJPE_mm": 118.52893978357315
    },
    "image_00673": {
        "MPJPE_mm": 153.46740186214447,
        "PA_MPJPE_mm": 107.01341181993484
    },
    "image_01261": {
        "MPJPE_mm": 324.53855872154236,
        "PA_MPJPE_mm": 173.9373356103897
    },
    "image_00300": {
        "MPJPE_mm": 228.47528755664825,
        "PA_MPJPE_mm": 75.30088722705841
    },
    "image_00597": {
        "MPJPE_mm": 167.64134168624878,
        "PA_MPJPE_mm": 104.93511706590652
    },
    "image_00617": {
        "MPJPE_mm": 316.0116970539093,
        "PA_MPJPE_mm": 110.52736639976501
    },
    "image_00469": {
        "MPJPE_mm": 143.74691247940063,
        "PA_MPJPE_mm": 129.1143149137497
    },
    "image_00434": {
        "MPJPE_mm": 88.14558386802673,
        "PA_MPJPE_mm": 64.68206644058228
    },
    "image_00306": {
        "MPJPE_mm": 150.2804011106491,
        "PA_MPJPE_mm": 106.04541003704071
    },
    "image_00352": {
        "MPJPE_mm": 166.8729931116104,
        "PA_MPJPE_mm": 91.09222143888474
    },
    "image_00947": {
        "MPJPE_mm": 79.16203141212463,
        "PA_MPJPE_mm": 56.75607547163963
    },
    "image_00989": {
        "MPJPE_mm": 113.60582709312439,
        "PA_MPJPE_mm": 65.46267867088318
    },
    "image_00111": {
        "MPJPE_mm": 113.427072763443,
        "PA_MPJPE_mm": 90.12003242969513
    },
    "image_00131": {
        "MPJPE_mm": 100.29757767915726,
        "PA_MPJPE_mm": 80.51896840333939
    },
    "image_00230": {
        "MPJPE_mm": 262.6052796840668,
        "PA_MPJPE_mm": 75.55069029331207
    },
    "image_00415": {
        "MPJPE_mm": 273.10630679130554,
        "PA_MPJPE_mm": 93.31829845905304
    },
    "image_00247": {
        "MPJPE_mm": 315.00211358070374,
        "PA_MPJPE_mm": 95.29633820056915
    },
    "image_00042": {
        "MPJPE_mm": 479.39997911453247,
        "PA_MPJPE_mm": 94.18237209320068
    },
    "image_00062": {
        "MPJPE_mm": 416.0556495189667,
        "PA_MPJPE_mm": 52.098795771598816
    },
    "image_00152": {
        "MPJPE_mm": 160.28131544589996,
        "PA_MPJPE_mm": 83.10128003358841
    },
    "image_00347": {
        "MPJPE_mm": 158.3555042743683,
        "PA_MPJPE_mm": 99.86578673124313
    },
    "image_00639": {
        "MPJPE_mm": 219.91850435733795,
        "PA_MPJPE_mm": 208.38165283203125
    },
    "image_00499": {
        "MPJPE_mm": 213.04216980934143,
        "PA_MPJPE_mm": 49.42622035741806
    },
    "image_00866": {
        "MPJPE_mm": 430.3361773490906,
        "PA_MPJPE_mm": 87.37249672412872
    },
    "image_00373": {
        "MPJPE_mm": 130.8804154396057,
        "PA_MPJPE_mm": 121.85326218605042
    },
    "image_00479": {
        "MPJPE_mm": 251.00567936897278,
        "PA_MPJPE_mm": 146.58044278621674
    },
    "image_01022": {
        "MPJPE_mm": 110.59689521789551,
        "PA_MPJPE_mm": 86.74513548612595
    },
    "image_01192": {
        "MPJPE_mm": 93.34318339824677,
        "PA_MPJPE_mm": 62.18985095620155
    },
    "image_00647": {
        "MPJPE_mm": 105.36885261535645,
        "PA_MPJPE_mm": 75.58857649564743
    },
    "image_00422": {
        "MPJPE_mm": 126.66119635105133,
        "PA_MPJPE_mm": 83.79364758729935
    },
    "image_00101": {
        "MPJPE_mm": 228.78044843673706,
        "PA_MPJPE_mm": 64.32924419641495
    },
    "image_00290": {
        "MPJPE_mm": 294.3866550922394,
        "PA_MPJPE_mm": 47.46178537607193
    },
    "image_00802": {
        "MPJPE_mm": 348.903089761734,
        "PA_MPJPE_mm": 76.32425427436829
    },
    "__summary__": {
        "total_samples": 50,
        "mean_MPJPE_mm": 234.34900298714638,
        "mean_PA_MPJPE_mm": 104.18826296925545
    }
}