{
    "image_00326": {
        "MPJPE_mm": 445.38572430610657,
        "PA_MPJPE_mm": 114.5385429263115
    },
    "image_00618": {
        "MPJPE_mm": 482.0307493209839,
        "PA_MPJPE_mm": 114.49670791625977
    },
    "image_00327": {
        "MPJPE_mm": 221.17939591407776,
        "PA_MPJPE_mm": 113.2211685180664
    },
    "image_00575": {
        "MPJPE_mm": 329.1378319263458,
        "PA_MPJPE_mm": 185.47172844409943
    },
    "image_00262": {
        "MPJPE_mm": 202.01344788074493,
        "PA_MPJPE_mm": 118.58946830034256
    },
    "image_00069": {
        "MPJPE_mm": 113.07845264673233,
        "PA_MPJPE_mm": 90.92061966657639
    },
    "image_00320": {
        "MPJPE_mm": 162.65980899333954,
        "PA_MPJPE_mm": 90.0384858250618
    },
    "image_00577": {
        "MPJPE_mm": 266.4375603199005,
        "PA_MPJPE_mm": 126.01910531520844
    },
    "image_00596": {
        "MPJPE_mm": 469.07681226730347,
        "PA_MPJPE_mm": 141.15385711193085
    },
    "image_00637": {
        "MPJPE_mm": 190.88958203792572,
        "PA_MPJPE_mm": 120.44880539178848
    },
    "image_00673": {
        "MPJPE_mm": 169.5604771375656,
        "PA_MPJPE_mm": 117.08945780992508
    },
    "image_01261": {
        "MPJPE_mm": 329.12677526474,
        "PA_MPJPE_mm": 172.77900874614716
    },
    "image_00300": {
        "MPJPE_mm": 239.39920961856842,
        "PA_MPJPE_mm": 78.00783962011337
    },
    "image_00597": {
        "MPJPE_mm": 210.1806253194809,
        "PA_MPJPE_mm": 126.96629762649536
    },
    "image_00617": {
        "MPJPE_mm": 246.3662028312683,
        "PA_MPJPE_mm": 108.30032080411911
    },
    "image_00469": {
        "MPJPE_mm": 140.01412689685822,
        "PA_MPJPE_mm": 126.98812782764435
    },
    "image_00434": {
        "MPJPE_mm": 96.90313041210175,
        "PA_MPJPE_mm": 69.18000429868698
    },
    "image_00306": {
        "MPJPE_mm": 155.56003153324127,
        "PA_MPJPE_mm": 108.42611640691757
    },
    "image_00352": {
        "MPJPE_mm": 187.1425062417984,
        "PA_MPJPE_mm": 87.48982101678848
    },
    "image_00947": {
        "MPJPE_mm": 79.80579882860184,
        "PA_MPJPE_mm": 59.89983305335045
    },
    "image_00989": {
        "MPJPE_mm": 108.12711715698242,
        "PA_MPJPE_mm": 58.12663957476616
    },
    "image_00111": {
        "MPJPE_mm": 114.40151184797287,
        "PA_MPJPE_mm": 91.11547470092773
    },
    "image_00131": {
        "MPJPE_mm": 89.86973762512207,
        "PA_MPJPE_mm": 79.0635496377945
    },
    "image_00230": {
        "MPJPE_mm": 267.17978715896606,
        "PA_MPJPE_mm": 78.63768935203552
    },
    "image_00415": {
        "MPJPE_mm": 259.3095004558563,
        "PA_MPJPE_mm": 96.52458876371384
    },
    "image_00247": {
        "MPJPE_mm": 156.92363679409027,
        "PA_MPJPE_mm": 94.97486799955368
    },
    "image_00042": {
        "MPJPE_mm": 342.45765209198,
        "PA_MPJPE_mm": 92.04766899347305
    },
    "image_00062": {
        "MPJPE_mm": 346.43033146858215,
        "PA_MPJPE_mm": 51.8198162317276
    },
    "image_00152": {
        "MPJPE_mm": 159.85353291034698,
        "PA_MPJPE_mm": 84.60170030593872
    },
    "image_00347": {
        "MPJPE_mm": 217.83553063869476,
        "PA_MPJPE_mm": 87.40060776472092
    },
    "image_00639": {
        "MPJPE_mm": 272.0188796520233,
        "PA_MPJPE_mm": 203.31965386867523
    },
    "image_00499": {
        "MPJPE_mm": 209.5593363046646,
        "PA_MPJPE_mm": 48.13271388411522
    },
    "image_00866": {
        "MPJPE_mm": 370.5759048461914,
        "PA_MPJPE_mm": 94.25744414329529
    },
    "image_00373": {
        "MPJPE_mm": 125.51429867744446,
        "PA_MPJPE_mm": 108.86097699403763
    },
    "image_00479": {
        "MPJPE_mm": 252.5164783000946,
        "PA_MPJPE_mm": 145.60014009475708
    },
    "image_01022": {
        "MPJPE_mm": 116.69917404651642,
        "PA_MPJPE_mm": 87.36803382635117
    },
    "image_01192": {
        "MPJPE_mm": 92.6632210612297,
        "PA_MPJPE_mm": 62.02014908194542
    },
    "image_00647": {
        "MPJPE_mm": 106.00252449512482,
        "PA_MPJPE_mm": 81.5187618136406
    },
    "image_00422": {
        "MPJPE_mm": 118.7957301735878,
        "PA_MPJPE_mm": 84.72374081611633
    },
    "image_00101": {
        "MPJPE_mm": 221.95635735988617,
        "PA_MPJPE_mm": 67.79167801141739
    },
    "image_00290": {
        "MPJPE_mm": 359.14140939712524,
        "PA_MPJPE_mm": 54.857268929481506
    },
    "image_00802": {
        "MPJPE_mm": 379.5584440231323,
        "PA_MPJPE_mm": 84.56648141145706
    },
    "__summary__": {
        "total_samples": 50,
        "mean_MPJPE_mm": 233.52549150586128,
        "mean_PA_MPJPE_mm": 106.36783465743065
    }
}