{
    "image_00326": {
        "MPJPE_mm": 465.6353294849396,
        "PA_MPJPE_mm": 110.37841439247131
    },
    "image_00618": {
        "MPJPE_mm": 337.4732732772827,
        "PA_MPJPE_mm": 93.2944044470787
    },
    "image_00327": {
        "MPJPE_mm": 165.40132462978363,
        "PA_MPJPE_mm": 101.4719009399414
    },
    "image_00575": {
        "MPJPE_mm": 310.3354573249817,
        "PA_MPJPE_mm": 187.77045607566833
    },
    "image_00262": {
        "MPJPE_mm": 219.51638162136078,
        "PA_MPJPE_mm": 116.79042130708694
    },
    "image_00069": {
        "MPJPE_mm": 182.1451187133789,
        "PA_MPJPE_mm": 88.28788250684738
    },
    "image_00320": {
        "MPJPE_mm": 186.74859404563904,
        "PA_MPJPE_mm": 101.61629319190979
    },
    "image_00577": {
        "MPJPE_mm": 303.0838370323181,
        "PA_MPJPE_mm": 144.34422552585602
    },
    "image_00596": {
        "MPJPE_mm": 404.7776162624359,
        "PA_MPJPE_mm": 124.7323751449585
    },
    "image_00637": {
        "MPJPE_mm": 173.54653775691986,
        "PA_MPJPE_mm": 87.22588419914246
    },
    "image_00673": {
        "MPJPE_mm": 136.25024259090424,
        "PA_MPJPE_mm": 108.67185890674591
    },
    "image_01261": {
        "MPJPE_mm": 271.9636559486389,
        "PA_MPJPE_mm": 152.34075486660004
    },
    "image_00300": {
        "MPJPE_mm": 257.7747106552124,
        "PA_MPJPE_mm": 73.27251136302948
    },
    "image_00597": {
        "MPJPE_mm": 205.52299916744232,
        "PA_MPJPE_mm": 123.16634505987167
    },
    "image_00617": {
        "MPJPE_mm": 252.1476447582245,
        "PA_MPJPE_mm": 110.0144311785698
    },
    "image_00469": {
        "MPJPE_mm": 148.6339420080185,
        "PA_MPJPE_mm": 126.77222490310669
    },
    "image_00434": {
        "MPJPE_mm": 101.24940425157547,
        "PA_MPJPE_mm": 71.42216712236404
    },
    "image_00306": {
        "MPJPE_mm": 182.03754723072052,
        "PA_MPJPE_mm": 103.4325659275055
    },
    "image_00352": {
        "MPJPE_mm": 206.26239478588104,
        "PA_MPJPE_mm": 94.6139320731163
    },
    "image_00947": {
        "MPJPE_mm": 77.00756937265396,
        "PA_MPJPE_mm": 58.34763124585152
    },
    "image_00989": {
        "MPJPE_mm": 120.8411231637001,
        "PA_MPJPE_mm": 60.63370406627655
    },
    "image_00111": {
        "MPJPE_mm": 144.1299021244049,
        "PA_MPJPE_mm": 92.41347759962082
    },
    "image_00131": {
        "MPJPE_mm": 117.96992272138596,
        "PA_MPJPE_mm": 85.78179031610489
    },
    "image_00230": {
        "MPJPE_mm": 276.50657296180725,
        "PA_MPJPE_mm": 84.36986804008484
    },
    "image_00415": {
        "MPJPE_mm": 267.2848403453827,
        "PA_MPJPE_mm": 97.3697379231453
    },
    "image_00247": {
        "MPJPE_mm": 191.8053776025772,
        "PA_MPJPE_mm": 100.74426978826523
    },
    "image_00042": {
        "MPJPE_mm": 342.43354201316833,
        "PA_MPJPE_mm": 91.330885887146
    },
    "image_00062": {
        "MPJPE_mm": 375.2528429031372,
        "PA_MPJPE_mm": 55.80836161971092
    },
    "image_00152": {
        "MPJPE_mm": 148.8880217075348,
        "PA_MPJPE_mm": 94.03304755687714
    },
    "image_00347": {
        "MPJPE_mm": 263.31502199172974,
        "PA_MPJPE_mm": 94.02018040418625
    },
    "image_00639": {
        "MPJPE_mm": 240.19421637058258,
        "PA_MPJPE_mm": 201.98006927967072
    },
    "image_00499": {
        "MPJPE_mm": 211.22628450393677,
        "PA_MPJPE_mm": 50.79945549368858
    },
    "image_00866": {
        "MPJPE_mm": 339.72617983818054,
        "PA_MPJPE_mm": 90.10953456163406
    },
    "image_00373": {
        "MPJPE_mm": 117.78885871171951,
        "PA_MPJPE_mm": 104.17132824659348
    },
    "image_00479": {
        "MPJPE_mm": 254.49922680854797,
        "PA_MPJPE_mm": 146.10670506954193
    },
    "image_01022": {
        "MPJPE_mm": 138.91303539276123,
        "PA_MPJPE_mm": 91.73789620399475
    },
    "image_01192": {
        "MPJPE_mm": 85.47744154930115,
        "PA_MPJPE_mm": 61.72652542591095
    },
    "image_00647": {
        "MPJPE_mm": 106.72292113304138,
        "PA_MPJPE_mm": 79.99439537525177
    },
    "image_00422": {
        "MPJPE_mm": 255.5755376815796,
        "PA_MPJPE_mm": 84.62843298912048
    },
    "image_00101": {
        "MPJPE_mm": 238.34766447544098,
        "PA_MPJPE_mm": 67.53125786781311
    },
    "image_00290": {
        "MPJPE_mm": 287.57670521736145,
        "PA_MPJPE_mm": 52.327003329992294
    },
    "image_00802": {
        "MPJPE_mm": 384.43902134895325,
        "PA_MPJPE_mm": 77.33600586652756
    },
    "__summary__": {
        "total_samples": 50,
        "mean_MPJPE_mm": 234.1033287346363,
        "mean_PA_MPJPE_mm": 104.18563187122345
    }
}