{
    "image_00326": {
        "MPJPE_mm": 242.3219531774521,
        "PA_MPJPE_mm": 94.79118138551712
    },
    "image_00618": {
        "MPJPE_mm": 184.81482565402985,
        "PA_MPJPE_mm": 85.89989691972733
    },
    "image_00327": {
        "MPJPE_mm": 151.2911319732666,
        "PA_MPJPE_mm": 117.12462455034256
    },
    "image_00575": {
        "MPJPE_mm": 315.78803062438965,
        "PA_MPJPE_mm": 220.52830457687378
    },
    "image_00262": {
        "MPJPE_mm": 170.57089507579803,
        "PA_MPJPE_mm": 105.00004887580872
    },
    "image_00069": {
        "MPJPE_mm": 102.99023985862732,
        "PA_MPJPE_mm": 87.20071613788605
    },
    "image_00320": {
        "MPJPE_mm": 157.55686163902283,
        "PA_MPJPE_mm": 92.99486130475998
    },
    "image_00577": {
        "MPJPE_mm": 317.4923062324524,
        "PA_MPJPE_mm": 121.20506167411804
    },
    "image_00596": {
        "MPJPE_mm": 266.61616563796997,
        "PA_MPJPE_mm": 133.7687075138092
    },
    "image_00637": {
        "MPJPE_mm": 209.06080305576324,
        "PA_MPJPE_mm": 91.69698506593704
    },
    "image_00673": {
        "MPJPE_mm": 124.2312490940094,
        "PA_MPJPE_mm": 113.67189139127731
    },
    "image_01261": {
        "MPJPE_mm": 118.4750571846962,
        "PA_MPJPE_mm": 97.7819412946701
    },
    "image_00300": {
        "MPJPE_mm": 248.61550331115723,
        "PA_MPJPE_mm": 79.0029838681221
    },
    "image_00597": {
        "MPJPE_mm": 201.42477750778198,
        "PA_MPJPE_mm": 112.30652779340744
    },
    "image_00617": {
        "MPJPE_mm": 299.2236316204071,
        "PA_MPJPE_mm": 129.95830178260803
    },
    "image_00469": {
        "MPJPE_mm": 334.4285488128662,
        "PA_MPJPE_mm": 115.4363676905632
    },
    "image_00434": {
        "MPJPE_mm": 94.11267936229706,
        "PA_MPJPE_mm": 72.92797416448593
    },
    "image_00306": {
        "MPJPE_mm": 154.81145679950714,
        "PA_MPJPE_mm": 103.50704193115234
    },
    "image_00352": {
        "MPJPE_mm": 207.80734717845917,
        "PA_MPJPE_mm": 92.40396320819855
    },
    "image_00947": {
        "MPJPE_mm": 206.35685324668884,
        "PA_MPJPE_mm": 59.01264026761055
    },
    "image_00989": {
        "MPJPE_mm": 110.40305346250534,
        "PA_MPJPE_mm": 72.32904434204102
    },
    "image_00111": {
        "MPJPE_mm": 110.28660088777542,
        "PA_MPJPE_mm": 93.55118125677109
    },
    "image_00131": {
        "MPJPE_mm": 76.63581520318985,
        "PA_MPJPE_mm": 76.79916173219681
    },
    "image_00230": {
        "MPJPE_mm": 276.1421501636505,
        "PA_MPJPE_mm": 93.16213428974152
    },
    "image_00415": {
        "MPJPE_mm": 274.31973814964294,
        "PA_MPJPE_mm": 106.84306174516678
    },
    "image_00247": {
        "MPJPE_mm": 138.4480595588684,
        "PA_MPJPE_mm": 87.96510100364685
    },
    "image_00042": {
        "MPJPE_mm": 171.78292572498322,
        "PA_MPJPE_mm": 90.64614772796631
    },
    "image_00062": {
        "MPJPE_mm": 255.98251819610596,
        "PA_MPJPE_mm": 54.42051962018013
    },
    "image_00152": {
        "MPJPE_mm": 134.99578833580017,
        "PA_MPJPE_mm": 74.7385174036026
    },
    "image_00347": {
        "MPJPE_mm": 224.45057332515717,
        "PA_MPJPE_mm": 90.86274355649948
    },
    "image_00639": {
        "MPJPE_mm": 318.7679946422577,
        "PA_MPJPE_mm": 253.9001703262329
    },
    "image_00499": {
        "MPJPE_mm": 219.81416642665863,
        "PA_MPJPE_mm": 53.46912145614624
    },
    "image_00866": {
        "MPJPE_mm": 269.08043026924133,
        "PA_MPJPE_mm": 86.49162948131561
    },
    "image_00373": {
        "MPJPE_mm": 168.5793548822403,
        "PA_MPJPE_mm": 120.79539149999619
    },
    "image_00479": {
        "MPJPE_mm": 253.5480260848999,
        "PA_MPJPE_mm": 155.14181554317474
    },
    "image_01022": {
        "MPJPE_mm": 175.02503097057343,
        "PA_MPJPE_mm": 96.26011550426483
    },
    "image_01192": {
        "MPJPE_mm": 74.27133619785309,
        "PA_MPJPE_mm": 62.16001510620117
    },
    "image_00647": {
        "MPJPE_mm": 119.33373659849167,
        "PA_MPJPE_mm": 85.92066913843155
    },
    "image_00422": {
        "MPJPE_mm": 322.51492142677307,
        "PA_MPJPE_mm": 76.72105729579926
    },
    "image_00101": {
        "MPJPE_mm": 183.95376205444336,
        "PA_MPJPE_mm": 81.33604377508163
    },
    "image_00290": {
        "MPJPE_mm": 257.337361574173,
        "PA_MPJPE_mm": 60.24303659796715
    },
    "image_00802": {
        "MPJPE_mm": 420.5824136734009,
        "PA_MPJPE_mm": 90.3925821185112
    },
    "__summary__": {
        "total_samples": 50,
        "mean_MPJPE_mm": 216.4337334036827,
        "mean_PA_MPJPE_mm": 103.95448558032513
    }
}